date,region,population,new_cases,new_deaths,new_recovered,active_cases,tests_done,positivity_rate,vaccination_rate,mobility_index
2022-01-01,Region_E,500000,54,0,37,288,1544,3.56,70.67,73.35
2022-01-02,Region_C,1500000,214,6,144,534,1832,11.7,50.04,99.69
2022-01-03,Region_A,1200000,77,0,62,317,959,8.12,63.11,84.47
2022-01-04,Region_B,950000,234,3,178,601,1999,11.74,85.33,67.99
2022-01-05,Region_D,700000,88,3,50,341,1331,6.67,57.67,62.6
2022-01-06,Region_D,700000,128,4,72,393,1100,11.66,50.72,69.24
2022-01-07,Region_D,700000,166,4,90,465,1890,8.83,51.55,96.37
2022-01-08,Region_D,700000,97,2,51,509,1911,5.12,58.32,98.78
2022-01-09,Region_B,950000,39,2,34,604,661,5.95,64.69,82.82
2022-01-10,Region_D,700000,176,5,140,540,1516,11.61,76.4,98.61
2022-01-11,Region_D,700000,41,0,32,549,879,4.76,53.35,99.48
2022-01-12,Region_A,1200000,23,1,11,328,1147,2.06,82.01,91.61
2022-01-13,Region_C,1500000,62,3,39,554,730,8.51,78.05,73.24
2022-01-14,Region_E,500000,47,0,25,310,598,7.91,71.25,64.78
2022-01-15,Region_C,1500000,116,3,96,571,1528,7.61,51.82,88.43
2022-01-16,Region_B,950000,42,0,27,619,1391,3.08,71.39,82.53
2022-01-17,Region_D,700000,44,0,32,561,984,4.49,59.14,97.71
2022-01-18,Region_C,1500000,63,3,43,588,1766,3.61,63.3,64.22
2022-01-19,Region_D,700000,64,1,42,582,1551,4.18,64.6,64.88
2022-01-20,Region_A,1200000,194,3,123,396,1754,11.07,69.22,92.72
2022-01-21,Region_A,1200000,36,1,26,405,1782,2.07,71.82,87.7
2022-01-22,Region_B,950000,52,0,34,637,1183,4.44,68.17,62.6
2022-01-23,Region_B,950000,47,1,25,658,1063,4.47,63.54,71.39
2022-01-24,Region_A,1200000,96,2,70,429,1198,8.1,62.54,96.33
2022-01-25,Region_C,1500000,120,2,65,641,1653,7.31,60.89,86.89
2022-01-26,Region_C,1500000,74,2,60,653,1707,4.38,71.16,99.34
2022-01-27,Region_C,1500000,124,1,67,709,1251,9.98,81.31,94.33
2022-01-28,Region_D,700000,61,2,48,593,1454,4.2,65.69,63.85
2022-01-29,Region_A,1200000,85,2,42,470,1428,5.98,80.41,89.41
2022-01-30,Region_B,950000,48,1,30,675,650,7.41,79.7,92.69
2022-01-31,Region_A,1200000,60,0,41,489,1380,4.42,75.12,95.31
2022-02-01,Region_A,1200000,96,3,50,532,1756,5.49,88.53,76.18
2022-02-02,Region_A,1200000,32,0,21,543,1127,2.84,80.1,83.23
2022-02-03,Region_A,1200000,70,1,48,564,598,11.74,74.69,87.68
2022-02-04,Region_E,500000,14,0,10,314,660,2.18,66.49,89.77
2022-02-05,Region_C,1500000,45,1,40,713,900,5.08,78.63,70.02
2022-02-06,Region_E,500000,115,3,90,336,1062,10.92,65.75,85.8
2022-02-07,Region_A,1200000,40,1,23,580,952,4.3,51.09,85.82
2022-02-08,Region_A,1200000,193,7,101,665,1695,11.4,66.66,60.62
2022-02-09,Region_E,500000,74,2,64,344,996,7.53,88.39,71.78
2022-02-10,Region_E,500000,149,2,91,400,1427,10.51,75.06,97.45
2022-02-11,Region_B,950000,142,1,102,714,1846,7.7,80.2,74.35
2022-02-12,Region_C,1500000,106,3,85,731,989,10.77,56.15,88.36
2022-02-13,Region_E,500000,77,1,61,415,1258,6.2,91.1,80.45
2022-02-14,Region_A,1200000,53,1,39,678,535,9.98,85.81,95.6
2022-02-15,Region_D,700000,55,1,48,599,1877,2.94,64.77,66.2
2022-02-16,Region_E,500000,51,0,44,422,649,7.91,51.75,72.13
2022-02-17,Region_C,1500000,49,2,35,743,943,5.27,93.44,78.29
2022-02-18,Region_E,500000,109,2,93,436,1491,7.31,82.67,99.03
2022-02-19,Region_D,700000,85,3,60,621,1629,5.23,69.75,63.14
2022-02-20,Region_E,500000,232,7,124,537,1997,11.63,80.98,62.33
2022-02-21,Region_B,950000,65,0,53,726,1012,6.42,82.16,86.41
2022-02-22,Region_E,500000,161,4,142,552,1396,11.55,69.61,89.2
2022-02-23,Region_C,1500000,122,1,82,782,1599,7.66,50.65,64.64
2022-02-24,Region_E,500000,37,2,21,566,1570,2.41,57.89,60.69
2022-02-25,Region_B,950000,93,1,75,743,931,10.07,79.24,61.92
2022-02-26,Region_E,500000,39,0,19,586,1623,2.45,74.27,87.36
2022-02-27,Region_B,950000,106,2,72,775,996,10.67,75.9,75.53
2022-02-28,Region_D,700000,108,5,56,668,1456,7.46,86.92,86.06
2022-03-01,Region_C,1500000,21,0,11,792,784,2.69,51.75,84.73
2022-03-02,Region_A,1200000,30,1,24,683,589,5.19,65.33,70.43
2022-03-03,Region_D,700000,118,3,87,696,1325,8.97,51.76,76.72
2022-03-04,Region_E,500000,94,1,70,609,1260,7.48,86.31,99.62
2022-03-05,Region_D,700000,66,1,55,706,1477,4.5,91.88,94.34
2022-03-06,Region_A,1200000,74,0,53,704,778,9.55,74.04,79.86
2022-03-07,Region_A,1200000,92,0,81,715,1865,4.98,50.49,96.22
2022-03-08,Region_D,700000,39,2,33,710,764,5.19,53.75,63.67
2022-03-09,Region_D,700000,116,1,80,745,1548,7.54,85.16,64.54
2022-03-10,Region_E,500000,183,9,95,688,1565,11.74,83.17,81.84
2022-03-11,Region_C,1500000,135,3,110,814,1157,11.69,89.01,93.54
2022-03-12,Region_E,500000,46,2,24,708,1691,2.73,53.66,63.39
2022-03-13,Region_C,1500000,107,3,59,859,1888,5.71,94.37,90.14
2022-03-14,Region_D,700000,132,2,104,771,1938,6.82,69.09,96.25
2022-03-15,Region_C,1500000,14,0,8,865,672,2.11,83.34,90.69
2022-03-16,Region_A,1200000,134,1,115,733,1524,8.81,53.73,81.13
2022-03-17,Region_E,500000,63,4,43,724,633,10.02,51.94,95.65
2022-03-18,Region_E,500000,78,1,57,744,702,11.19,93.62,80.92
2022-03-19,Region_A,1200000,163,3,134,759,1828,8.96,76.29,96.05
2022-03-20,Region_A,1200000,70,4,42,783,1470,4.81,67.75,64.27
2022-03-21,Region_E,500000,56,1,35,764,1531,3.7,65.9,83.35
2022-03-22,Region_D,700000,160,8,142,781,1368,11.74,74.12,72.38
2022-03-23,Region_D,700000,84,0,47,818,960,8.85,92.74,89.03
2022-03-24,Region_A,1200000,26,1,23,785,949,2.83,52.03,61.05
2022-03-25,Region_A,1200000,88,5,54,814,873,10.11,76.74,75.24
2022-03-26,Region_C,1500000,99,0,89,875,1294,7.69,68.67,70.94
2022-03-27,Region_D,700000,144,8,124,830,1208,12.0,76.33,89.04
2022-03-28,Region_B,950000,114,1,65,823,1981,5.78,55.81,98.16
2022-03-29,Region_E,500000,212,6,139,831,1969,10.78,66.12,64.54
2022-03-30,Region_B,950000,53,2,43,831,749,7.2,88.35,82.08
2022-03-31,Region_E,500000,160,3,126,862,1489,10.77,68.92,91.39
2022-04-01,Region_B,950000,23,0,12,842,574,4.13,65.78,83.6
2022-04-02,Region_C,1500000,103,1,88,889,934,11.04,70.29,96.42
2022-04-03,Region_B,950000,66,0,56,852,580,11.5,87.89,90.76
2022-04-04,Region_D,700000,36,1,19,846,1483,2.46,64.79,85.34
2022-04-05,Region_C,1500000,20,0,15,894,610,3.29,81.4,67.2
2022-04-06,Region_D,700000,85,1,70,860,780,10.97,93.79,84.08
2022-04-07,Region_C,1500000,196,3,139,948,1926,10.22,57.97,63.55
2022-04-08,Region_A,1200000,75,0,38,851,1144,6.61,55.79,73.2
2022-04-09,Region_C,1500000,46,1,37,956,1596,2.92,73.02,66.28
2022-04-10,Region_E,500000,39,1,35,865,836,4.77,76.88,99.45
2022-04-11,Region_B,950000,29,0,26,855,527,5.69,52.81,65.91
2022-04-12,Region_C,1500000,135,4,109,978,1530,8.87,73.95,64.29
2022-04-13,Region_B,950000,95,1,71,878,1305,7.33,83.18,67.29
2022-04-14,Region_A,1200000,73,1,47,876,1796,4.11,60.49,73.72
2022-04-15,Region_A,1200000,189,4,127,934,1917,9.89,75.1,83.46
2022-04-16,Region_D,700000,63,1,50,872,1094,5.79,79.07,82.83
2022-04-17,Region_C,1500000,72,3,56,991,1376,5.3,54.58,66.11
2022-04-18,Region_D,700000,72,1,59,884,1873,3.87,90.35,63.21
2022-04-19,Region_C,1500000,63,4,36,1014,1042,6.1,67.9,98.78
2022-04-20,Region_D,700000,134,2,104,912,1145,11.75,80.09,97.18
2022-04-21,Region_C,1500000,129,4,68,1071,1915,6.77,58.42,72.95
2022-04-22,Region_C,1500000,86,1,43,1113,1223,7.08,77.48,71.55
2022-04-23,Region_E,500000,72,1,38,898,638,11.32,52.33,73.46
2022-04-24,Region_B,950000,20,2,17,879,760,2.63,86.44,70.19
2022-04-25,Region_E,500000,79,2,62,913,828,9.6,77.27,91.77
2022-04-26,Region_A,1200000,77,1,58,952,817,9.46,82.89,97.53
2022-04-27,Region_D,700000,95,2,75,930,1012,9.41,56.29,91.81
2022-04-28,Region_D,700000,132,1,84,977,1297,10.25,79.93,80.92
2022-04-29,Region_D,700000,118,2,98,995,1100,10.77,70.34,88.55
2022-04-30,Region_C,1500000,68,1,34,1146,921,7.4,60.45,95.98
2022-05-01,Region_B,950000,146,3,123,899,1320,11.06,69.42,73.31
2022-05-02,Region_C,1500000,35,1,29,1151,1053,3.39,72.29,89.66
2022-05-03,Region_C,1500000,110,3,91,1167,919,11.98,85.04,65.73
2022-05-04,Region_D,700000,100,2,59,1034,1097,9.14,65.39,92.85
2022-05-05,Region_D,700000,57,1,35,1055,715,8.04,56.75,69.17
2022-05-06,Region_D,700000,13,0,9,1059,629,2.12,74.42,70.07
2022-05-07,Region_E,500000,59,1,34,937,510,11.59,68.04,78.48
2022-05-08,Region_C,1500000,99,1,66,1199,895,11.12,77.52,60.72
2022-05-09,Region_D,700000,133,3,69,1120,1182,11.32,85.55,60.92
2022-05-10,Region_B,950000,117,3,86,927,1508,7.76,54.69,93.62
2022-05-11,Region_C,1500000,62,0,44,1217,1930,3.23,58.38,93.5
2022-05-12,Region_A,1200000,45,1,36,960,1066,4.27,52.46,73.41
2022-05-13,Region_D,700000,16,0,14,1122,812,2.05,68.65,94.54
2022-05-14,Region_B,950000,117,5,100,939,1733,6.81,51.48,96.51
2022-05-15,Region_A,1200000,105,4,80,981,1703,6.19,76.13,85.29
2022-05-16,Region_D,700000,142,7,111,1146,1992,7.15,56.69,76.58
2022-05-17,Region_D,700000,189,4,94,1237,1586,11.97,63.95,75.89
2022-05-18,Region_C,1500000,159,2,107,1267,1451,10.98,78.12,75.11
2022-05-19,Region_C,1500000,25,1,13,1278,517,4.94,73.6,77.63
2022-05-20,Region_B,950000,132,1,66,1004,1745,7.6,65.05,63.02
2022-05-21,Region_C,1500000,61,3,31,1305,1299,4.72,68.39,61.02
2022-05-22,Region_D,700000,181,3,146,1269,1701,10.67,59.99,69.24
2022-05-23,Region_C,1500000,25,1,14,1315,827,3.04,89.94,82.27
2022-05-24,Region_B,950000,70,2,48,1024,595,11.89,87.36,75.89
2022-05-25,Region_E,500000,27,0,14,950,681,4.05,50.59,63.42
2022-05-26,Region_E,500000,20,1,11,958,646,3.23,90.17,92.7
2022-05-27,Region_D,700000,127,2,74,1320,1245,10.25,87.38,73.81
2022-05-28,Region_A,1200000,185,2,115,1049,1749,10.61,55.14,82.63
2022-05-29,Region_C,1500000,23,0,11,1327,627,3.82,62.09,81.67
2022-05-30,Region_E,500000,82,0,44,996,1804,4.58,55.95,96.02
2022-05-31,Region_B,950000,28,2,18,1032,1304,2.18,86.68,79.92
2022-06-01,Region_B,950000,93,2,57,1066,1540,6.05,59.29,60.44
2022-06-02,Region_E,500000,57,2,35,1016,526,11.0,61.28,85.32
2022-06-03,Region_E,500000,73,3,56,1030,954,7.73,67.24,80.76
2022-06-04,Region_B,950000,175,2,139,1100,1519,11.59,77.14,69.81
2022-06-05,Region_E,500000,115,4,95,1046,1819,6.37,77.47,97.97
2022-06-06,Region_E,500000,76,0,57,1065,1835,4.15,57.29,93.66
2022-06-07,Region_A,1200000,168,2,109,1106,1457,11.55,71.34,73.78
2022-06-08,Region_A,1200000,157,3,102,1158,1740,9.05,61.09,92.76
2022-06-09,Region_E,500000,54,0,28,1091,607,8.95,54.64,72.58
2022-06-10,Region_C,1500000,44,3,38,1330,1316,3.37,58.33,81.68
2022-06-11,Region_C,1500000,111,3,70,1368,1160,9.59,88.21,69.99
2022-06-12,Region_A,1200000,75,5,49,1179,1791,4.21,80.15,61.77
2022-06-13,Region_A,1200000,99,1,63,1214,1480,6.73,81.38,71.89
2022-06-14,Region_B,950000,151,3,104,1144,1326,11.44,52.47,78.21
2022-06-15,Region_C,1500000,26,1,15,1378,1114,2.37,75.23,79.24
2022-06-16,Region_C,1500000,95,2,69,1402,1304,7.3,52.94,72.61
2022-06-17,Region_A,1200000,161,4,112,1259,1872,8.62,89.87,84.63
2022-06-18,Region_B,950000,53,4,38,1155,810,6.62,73.8,97.56
2022-06-19,Region_C,1500000,32,0,16,1418,1562,2.09,68.09,79.2
2022-06-20,Region_A,1200000,82,5,50,1286,771,10.74,54.13,73.45
2022-06-21,Region_D,700000,82,0,54,1348,888,9.32,63.37,94.11
2022-06-22,Region_B,950000,19,0,17,1157,792,2.42,54.93,75.67
2022-06-23,Region_D,700000,192,5,138,1397,1663,11.56,76.48,99.29
2022-06-24,Region_C,1500000,128,1,115,1430,1585,8.13,52.92,76.06
2022-06-25,Region_E,500000,148,3,83,1153,1833,8.08,52.11,75.36
2022-06-26,Region_A,1200000,144,4,76,1350,1252,11.57,52.6,98.76
2022-06-27,Region_A,1200000,129,3,105,1371,1622,7.97,73.19,79.65
2022-06-28,Region_A,1200000,78,1,51,1397,715,10.97,60.07,81.48
2022-06-29,Region_A,1200000,84,0,44,1437,1079,7.8,62.28,79.07
2022-06-30,Region_C,1500000,149,0,88,1491,1420,10.52,79.49,82.03
2022-07-01,Region_C,1500000,106,2,60,1535,1749,6.08,81.31,61.95
2022-07-02,Region_B,950000,110,1,82,1184,953,11.62,53.43,94.05
2022-07-03,Region_E,500000,51,2,27,1175,723,7.16,65.65,87.12
2022-07-04,Region_C,1500000,195,5,136,1589,1812,10.79,61.04,66.29
2022-07-05,Region_A,1200000,132,3,107,1459,1280,10.37,54.76,87.96
2022-07-06,Region_D,700000,54,3,45,1403,506,10.82,89.56,60.21
2022-07-07,Region_C,1500000,184,2,93,1678,1960,9.44,87.45,80.3
2022-07-08,Region_B,950000,49,0,32,1201,1747,2.84,78.43,70.39
2022-07-09,Region_D,700000,70,2,40,1431,947,7.4,62.75,60.74
2022-07-10,Region_A,1200000,181,3,126,1511,1747,10.4,54.61,97.49
2022-07-11,Region_D,700000,202,2,112,1519,1765,11.47,53.03,83.29
2022-07-12,Region_A,1200000,42,0,34,1519,521,8.21,93.81,98.76
2022-07-13,Region_D,700000,41,1,26,1533,1262,3.3,52.95,92.86
2022-07-14,Region_C,1500000,84,1,75,1686,958,8.83,94.87,77.05
2022-07-15,Region_E,500000,39,2,29,1183,538,7.27,59.93,63.3
2022-07-16,Region_D,700000,51,2,36,1546,1545,3.31,51.41,89.25
2022-07-17,Region_E,500000,34,0,19,1198,583,5.98,64.04,72.83
2022-07-18,Region_B,950000,38,1,30,1208,1686,2.31,75.32,78.86
2022-07-19,Region_C,1500000,61,2,50,1695,1583,3.86,56.91,78.15
2022-07-20,Region_B,950000,57,0,48,1217,698,8.26,91.03,98.7
2022-07-21,Region_D,700000,69,0,50,1565,1026,6.82,77.33,69.9
2022-07-22,Region_A,1200000,54,1,47,1525,1516,3.61,62.1,91.9
2022-07-23,Region_C,1500000,103,0,68,1730,1587,6.55,80.62,75.82
2022-07-24,Region_C,1500000,174,7,127,1770,1824,9.57,51.78,79.22
2022-07-25,Region_A,1200000,27,0,18,1534,900,3.03,77.82,88.1
2022-07-26,Region_B,950000,30,0,16,1231,1435,2.1,74.04,95.3
2022-07-27,Region_A,1200000,30,0,16,1548,1088,2.79,93.99,68.03
2022-07-28,Region_B,950000,25,0,12,1244,642,4.0,92.82,64.97
2022-07-29,Region_C,1500000,57,0,36,1791,508,11.36,81.91,94.84
2022-07-30,Region_B,950000,181,4,96,1325,1841,9.83,79.74,82.12
2022-07-31,Region_B,950000,33,1,24,1333,521,6.52,57.38,77.54
2022-08-01,Region_B,950000,120,3,84,1366,1513,7.93,89.23,68.77
2022-08-02,Region_D,700000,45,2,40,1568,1184,3.82,57.28,60.83
2022-08-03,Region_C,1500000,61,1,32,1819,1161,5.32,53.67,76.13
2022-08-04,Region_E,500000,36,0,24,1210,592,6.18,70.82,94.73
2022-08-05,Region_B,950000,152,3,103,1412,1456,10.46,66.7,99.51
2022-08-06,Region_B,950000,112,2,89,1433,1446,7.79,71.9,94.94
2022-08-07,Region_B,950000,88,1,55,1465,1431,6.22,67.27,78.63
2022-08-08,Region_E,500000,61,2,33,1236,1410,4.36,90.91,67.19
2022-08-09,Region_D,700000,120,1,64,1623,1025,11.71,53.11,77.49
2022-08-10,Region_D,700000,56,1,47,1631,880,6.45,76.68,66.54
2022-08-11,Region_C,1500000,24,1,12,1830,527,4.58,84.81,65.23
2022-08-12,Region_E,500000,92,1,48,1279,1418,6.54,69.89,73.24
2022-08-13,Region_E,500000,138,2,88,1327,1343,10.29,76.45,97.94
2022-08-14,Region_A,1200000,60,1,40,1567,1075,5.59,83.14,86.55
2022-08-15,Region_E,500000,83,3,68,1339,804,10.44,88.89,82.33
2022-08-16,Region_C,1500000,34,3,25,1836,1456,2.34,73.9,97.46
2022-08-17,Region_E,500000,49,1,44,1343,1524,3.22,53.99,64.13
2022-08-18,Region_C,1500000,153,2,125,1862,1729,8.88,93.43,60.2
2022-08-19,Region_B,950000,60,2,53,1470,716,8.39,73.2,79.55
2022-08-20,Region_D,700000,61,0,42,1650,1817,3.4,56.46,97.59
2022-08-21,Region_D,700000,31,0,21,1660,874,3.62,80.27,77.75
2022-08-22,Region_E,500000,26,1,19,1349,585,4.55,92.51,87.33
2022-08-23,Region_B,950000,171,5,130,1506,1668,10.31,91.34,84.02
2022-08-24,Region_E,500000,155,1,104,1399,1827,8.51,57.17,84.2
2022-08-25,Region_A,1200000,102,4,59,1606,1684,6.07,54.07,71.55
2022-08-26,Region_C,1500000,157,4,81,1934,1847,8.51,80.04,92.31
2022-08-27,Region_B,950000,89,1,54,1540,896,9.98,66.91,71.87
2022-08-28,Region_A,1200000,64,1,38,1631,1224,5.25,75.35,75.22
2022-08-29,Region_E,500000,158,3,113,1441,1996,7.96,60.23,62.93
2022-08-30,Region_C,1500000,127,3,108,1950,1467,8.68,72.52,81.69
2022-08-31,Region_B,950000,106,3,77,1566,953,11.14,67.11,75.95
2022-09-01,Region_E,500000,108,2,76,1471,1474,7.34,86.58,88.72
2022-09-02,Region_C,1500000,20,0,16,1954,926,2.18,90.35,62.85
2022-09-03,Region_A,1200000,70,0,47,1654,1214,5.8,65.82,64.06
2022-09-04,Region_E,500000,66,1,59,1477,1463,4.57,91.83,81.29
2022-09-05,Region_B,950000,178,3,92,1649,1943,9.18,87.04,80.9
2022-09-06,Region_D,700000,113,3,97,1673,1562,7.25,58.34,96.71
2022-09-07,Region_D,700000,56,2,39,1688,1975,2.87,51.95,85.33
2022-09-08,Region_C,1500000,51,2,33,1970,640,8.02,85.72,85.86
2022-09-09,Region_B,950000,129,2,89,1687,1181,11.0,61.5,72.08
2022-09-10,Region_C,1500000,137,4,86,2017,1583,8.71,78.07,78.07
2022-09-11,Region_B,950000,39,1,20,1705,1080,3.68,71.28,81.41
2022-09-12,Region_E,500000,74,1,46,1504,918,8.07,61.56,85.28
2022-09-13,Region_A,1200000,60,0,36,1678,1777,3.42,81.28,76.17
2022-09-14,Region_E,500000,156,0,101,1559,1690,9.25,55.78,64.16
2022-09-15,Region_B,950000,126,1,108,1722,1625,7.78,61.92,85.81
2022-09-16,Region_D,700000,29,0,22,1695,572,5.23,77.77,77.7
2022-09-17,Region_D,700000,145,2,92,1746,1455,10.0,62.2,83.71
2022-09-18,Region_C,1500000,65,1,53,2028,1513,4.31,80.13,99.77
2022-09-19,Region_B,950000,84,2,71,1733,1113,7.58,65.01,83.22
2022-09-20,Region_B,950000,35,1,25,1742,952,3.75,57.67,76.38
2022-09-21,Region_A,1200000,52,0,37,1693,554,9.56,94.16,79.0
2022-09-22,Region_E,500000,107,1,57,1608,1802,5.99,83.17,90.74
2022-09-23,Region_A,1200000,56,1,45,1703,785,7.21,85.46,94.59
2022-09-24,Region_E,500000,90,0,58,1640,1283,7.07,55.29,69.09
2022-09-25,Region_E,500000,24,2,20,1642,860,2.88,72.94,93.01
2022-09-26,Region_B,950000,184,2,113,1811,1719,10.73,72.36,99.69
2022-09-27,Region_E,500000,30,2,24,1646,743,4.09,74.29,85.12
2022-09-28,Region_B,950000,199,6,150,1854,1985,10.06,86.84,72.9
2022-09-29,Region_C,1500000,38,0,32,2034,1077,3.54,93.9,85.64
2022-09-30,Region_A,1200000,87,1,73,1716,1292,6.79,71.92,84.25
2022-10-01,Region_E,500000,137,2,92,1689,1959,7.03,79.98,64.87
2022-10-02,Region_E,500000,105,1,63,1730,1493,7.06,93.46,77.3
2022-10-03,Region_E,500000,73,1,63,1739,1042,7.06,88.32,60.01
2022-10-04,Region_C,1500000,60,1,48,2045,753,8.03,75.4,67.67
2022-10-05,Region_A,1200000,78,2,69,1723,1141,6.85,81.28,99.35
2022-10-06,Region_C,1500000,44,2,35,2052,1622,2.75,54.55,87.69
2022-10-07,Region_D,700000,78,6,55,1763,1108,7.09,60.47,68.83
2022-10-08,Region_E,500000,112,4,92,1755,1319,8.56,89.9,77.99
2022-10-09,Region_E,500000,55,1,40,1769,982,5.68,57.96,75.48
2022-10-10,Region_E,500000,45,0,27,1787,1009,4.49,61.69,90.41
2022-10-11,Region_B,950000,159,2,131,1880,1946,8.19,86.07,98.38
2022-10-12,Region_D,700000,29,0,18,1774,964,3.1,88.0,63.92
2022-10-13,Region_B,950000,35,0,28,1887,1009,3.5,79.33,92.43
2022-10-14,Region_E,500000,207,3,144,1847,1959,10.6,90.14,98.21
2022-10-15,Region_A,1200000,84,2,70,1735,1643,5.15,62.57,97.21
2022-10-16,Region_D,700000,48,1,25,1796,731,6.61,67.39,78.0
2022-10-17,Region_A,1200000,62,1,43,1753,578,10.89,56.76,89.5
2022-10-18,Region_A,1200000,51,0,35,1769,586,8.8,79.66,92.09
2022-10-19,Region_C,1500000,27,0,20,2059,1163,2.36,65.9,71.86
2022-10-20,Region_C,1500000,91,2,72,2076,935,9.75,65.97,76.49
2022-10-21,Region_E,500000,87,0,52,1882,849,10.31,50.94,63.29
2022-10-22,Region_D,700000,92,3,70,1815,1860,4.95,93.92,86.69
2022-10-23,Region_C,1500000,87,0,67,2096,1905,4.61,73.86,61.68
2022-10-24,Region_B,950000,21,0,11,1897,648,3.25,77.08,83.3
2022-10-25,Region_D,700000,57,1,35,1836,1749,3.28,76.93,63.8
2022-10-26,Region_C,1500000,85,2,63,2116,1345,6.39,62.32,97.13
2022-10-27,Region_D,700000,126,0,83,1879,1811,6.96,62.87,92.64
2022-10-28,Region_A,1200000,143,2,83,1827,1279,11.19,59.95,99.14
2022-10-29,Region_D,700000,36,1,26,1888,702,5.2,92.18,61.73
2022-10-30,Region_B,950000,42,1,35,1903,1269,3.32,72.76,93.63
2022-10-31,Region_E,500000,57,1,51,1887,777,7.42,77.54,64.24
2022-11-01,Region_E,500000,166,4,90,1959,1553,10.73,70.77,60.37
2022-11-02,Region_A,1200000,192,3,159,1857,1784,10.81,86.0,68.16
2022-11-03,Region_B,950000,179,4,115,1963,1928,9.33,80.95,75.01
2022-11-04,Region_A,1200000,72,3,61,1865,999,7.24,51.59,89.83
2022-11-05,Region_A,1200000,186,4,108,1939,1941,9.59,56.7,72.22
2022-11-06,Region_C,1500000,52,1,29,2138,1624,3.25,82.49,95.45
2022-11-07,Region_C,1500000,99,2,88,2147,1677,5.92,58.03,61.16
2022-11-08,Region_D,700000,68,0,56,1900,687,9.94,89.34,80.4
2022-11-09,Region_C,1500000,35,1,24,2157,835,4.25,77.16,87.06
2022-11-10,Region_B,950000,14,0,12,1965,658,2.23,56.7,87.82
2022-11-11,Region_D,700000,123,1,96,1926,1041,11.82,73.28,77.61
2022-11-12,Region_D,700000,98,2,66,1956,1873,5.28,66.71,62.5
2022-11-13,Region_D,700000,121,3,104,1970,1262,9.67,57.81,85.5
2022-11-14,Region_D,700000,49,1,37,1981,1570,3.18,83.62,89.6
2022-11-15,Region_B,950000,77,2,47,1993,1923,4.03,65.05,61.05
2022-11-16,Region_A,1200000,59,2,41,1955,753,7.86,85.22,62.25
2022-11-17,Region_C,1500000,77,1,69,2164,1825,4.26,58.37,92.11
2022-11-18,Region_B,950000,82,0,44,2031,1203,6.83,52.24,96.16
2022-11-19,Region_C,1500000,111,0,95,2180,1140,9.8,57.15,84.41
2022-11-20,Region_D,700000,171,1,114,2037,1484,11.57,51.63,71.03
2022-11-21,Region_D,700000,34,0,22,2049,769,4.5,69.3,93.79
2022-11-22,Region_D,700000,92,0,65,2076,1340,6.88,77.89,82.48
2022-11-23,Region_E,500000,35,1,22,1971,695,5.15,90.49,60.87
2022-11-24,Region_C,1500000,54,2,47,2185,1671,3.28,52.35,76.75
2022-11-25,Region_A,1200000,78,1,41,1991,664,11.81,82.63,67.65
2022-11-26,Region_A,1200000,101,2,90,2000,870,11.72,50.99,88.8
2022-11-27,Region_B,950000,159,3,102,2085,1516,10.51,55.16,94.41
2022-11-28,Region_B,950000,14,0,7,2092,542,2.68,77.58,69.05
2022-11-29,Region_B,950000,49,3,39,2099,1341,3.66,59.72,63.9
2022-11-30,Region_C,1500000,107,1,92,2199,1136,9.49,55.04,74.24
2022-12-01,Region_C,1500000,73,0,42,2230,742,9.86,89.25,81.79
2022-12-02,Region_D,700000,99,1,69,2105,1383,7.19,79.68,66.46
2022-12-03,Region_C,1500000,123,6,86,2261,1904,6.51,75.11,82.1
2022-12-04,Region_C,1500000,115,2,62,2312,1567,7.39,66.74,78.07
2022-12-05,Region_C,1500000,49,1,34,2326,1701,2.93,59.17,80.93
2022-12-06,Region_D,700000,93,1,53,2144,975,9.57,85.91,75.84
2022-12-07,Region_B,950000,68,1,35,2131,1053,6.48,64.25,94.29
2022-12-08,Region_C,1500000,37,3,18,2342,782,4.77,76.92,61.34
2022-12-09,Region_E,500000,121,1,63,2028,1427,8.54,85.94,98.71
2022-12-10,Region_C,1500000,33,1,22,2352,1043,3.18,93.52,76.71
2022-12-11,Region_E,500000,97,1,85,2039,1169,8.35,94.09,86.25
2022-12-12,Region_C,1500000,45,1,23,2373,630,7.27,59.44,75.16
2022-12-13,Region_C,1500000,64,1,37,2399,1200,5.37,74.34,88.41
2022-12-14,Region_D,700000,127,4,106,2161,1900,6.71,64.13,70.17
2022-12-15,Region_C,1500000,58,0,49,2408,1087,5.35,55.08,63.49
2022-12-16,Region_A,1200000,91,4,62,2025,1480,6.2,83.7,86.05
2022-12-17,Region_A,1200000,134,4,93,2062,1336,10.06,78.54,65.05
2022-12-18,Region_B,950000,81,0,45,2167,1589,5.15,88.51,69.09
2022-12-19,Region_C,1500000,108,1,68,2447,1015,10.66,59.57,61.33
2022-12-20,Region_E,500000,123,5,72,2085,1448,8.53,60.47,92.3
2022-12-21,Region_D,700000,147,3,78,2227,1344,10.99,80.18,82.42
2022-12-22,Region_C,1500000,121,2,95,2471,1877,6.47,67.17,65.15
2022-12-23,Region_C,1500000,23,0,20,2474,1095,2.18,93.48,65.1
2022-12-24,Region_A,1200000,68,2,52,2076,582,11.73,86.22,60.72
2022-12-25,Region_A,1200000,104,2,70,2108,1262,8.28,89.27,64.5
2022-12-26,Region_E,500000,34,0,17,2102,1175,2.97,71.09,72.05
2022-12-27,Region_C,1500000,65,1,40,2498,1320,4.97,52.17,96.12
2022-12-28,Region_B,950000,136,3,116,2184,1650,8.26,62.84,77.17
2022-12-29,Region_C,1500000,104,2,56,2544,993,10.56,61.35,68.81
2022-12-30,Region_D,700000,44,2,25,2244,1512,2.94,89.08,62.59
2022-12-31,Region_A,1200000,109,2,65,2150,1531,7.17,90.98,78.58
2023-01-01,Region_A,1200000,126,2,102,2172,1158,10.93,92.66,77.81
2023-01-02,Region_A,1200000,29,0,25,2176,678,4.37,60.54,91.47
2023-01-03,Region_C,1500000,62,0,53,2553,1353,4.63,94.27,70.76
2023-01-04,Region_A,1200000,72,0,43,2205,1072,6.72,60.75,78.79
2023-01-05,Region_A,1200000,39,1,32,2211,592,6.73,77.49,71.23
2023-01-06,Region_A,1200000,84,3,49,2243,1152,7.37,51.65,64.32
2023-01-07,Region_B,950000,53,0,35,2202,840,6.39,63.21,97.27
2023-01-08,Region_A,1200000,53,1,46,2249,1867,2.87,65.54,80.3
2023-01-09,Region_A,1200000,78,0,49,2278,896,8.75,55.92,70.99
2023-01-10,Region_A,1200000,105,2,59,2322,1691,6.22,80.19,70.33
2023-01-11,Region_E,500000,87,2,70,2117,1763,4.97,86.95,60.06
2023-01-12,Region_C,1500000,16,0,14,2555,673,2.51,51.83,94.86
2023-01-13,Region_B,950000,107,2,70,2237,1847,5.84,54.15,83.85
2023-01-14,Region_D,700000,44,0,36,2252,1636,2.71,83.74,76.51
2023-01-15,Region_E,500000,51,2,37,2129,604,8.46,50.46,85.44
2023-01-16,Region_A,1200000,67,0,38,2351,1900,3.54,55.43,96.1
2023-01-17,Region_C,1500000,64,0,43,2576,1873,3.42,63.28,79.44
2023-01-18,Region_E,500000,164,5,106,2182,1485,11.1,82.81,86.09
2023-01-19,Region_D,700000,69,1,36,2284,776,8.92,53.49,81.7
2023-01-20,Region_B,950000,100,3,52,2282,1553,6.46,70.26,83.17
2023-01-21,Region_A,1200000,47,2,26,2370,1586,2.99,67.68,81.03
2023-01-22,Region_B,950000,34,1,21,2294,939,3.66,90.05,73.84
2023-01-23,Region_D,700000,145,3,114,2312,1725,8.46,67.36,91.67
2023-01-24,Region_C,1500000,39,2,26,2587,1316,3.01,66.41,68.72
2023-01-25,Region_D,700000,40,0,24,2328,1332,3.05,60.28,99.1
2023-01-26,Region_C,1500000,19,0,14,2592,574,3.36,91.65,76.57
2023-01-27,Region_C,1500000,72,1,45,2618,761,9.56,90.5,64.65
2023-01-28,Region_B,950000,32,2,19,2305,623,5.14,94.77,81.82
2023-01-29,Region_E,500000,46,0,39,2189,576,8.07,67.35,73.62
2023-01-30,Region_D,700000,56,1,29,2354,1592,3.54,57.58,69.88
2023-01-31,Region_C,1500000,70,1,53,2634,1398,5.02,57.97,80.3
2023-02-01,Region_D,700000,82,2,41,2393,799,10.31,76.12,65.57
2023-02-02,Region_C,1500000,116,2,74,2674,1408,8.26,83.06,72.02
2023-02-03,Region_A,1200000,83,2,48,2403,1261,6.61,51.78,79.02
2023-02-04,Region_D,700000,44,1,34,2402,563,7.93,70.63,61.52
2023-02-05,Region_C,1500000,25,1,20,2678,975,2.58,89.47,97.76
2023-02-06,Region_A,1200000,91,5,76,2413,1382,6.63,72.14,72.1
2023-02-07,Region_D,700000,117,2,80,2437,1625,7.22,67.39,80.45
2023-02-08,Region_A,1200000,77,3,51,2436,998,7.77,70.52,77.74
2023-02-09,Region_D,700000,162,2,125,2472,1402,11.56,69.76,93.88
2023-02-10,Region_C,1500000,119,2,104,2691,1846,6.48,59.93,89.36
2023-02-11,Region_B,950000,110,0,57,2358,979,11.29,81.16,65.38
2023-02-12,Region_E,500000,173,2,141,2219,1727,10.04,73.79,91.74
2023-02-13,Region_C,1500000,20,3,17,2691,518,4.01,63.26,60.57
2023-02-14,Region_A,1200000,187,5,129,2489,1815,10.34,50.25,97.48
2023-02-15,Region_D,700000,166,6,117,2515,1651,10.09,77.61,63.54
2023-02-16,Region_A,1200000,36,0,31,2494,1301,2.78,51.1,72.25
2023-02-17,Region_C,1500000,142,6,104,2723,1409,10.08,50.27,64.04
2023-02-18,Region_B,950000,44,2,37,2363,1435,3.13,71.52,65.81
2023-02-19,Region_B,950000,133,1,99,2396,1536,8.67,62.65,92.14
2023-02-20,Region_C,1500000,96,3,64,2752,1232,7.83,78.82,99.16
2023-02-21,Region_E,500000,107,3,74,2249,1926,5.58,58.45,88.79
2023-02-22,Region_B,950000,156,3,97,2452,1533,10.21,80.72,69.68
2023-02-23,Region_D,700000,76,1,67,2523,1511,5.03,73.41,65.72
2023-02-24,Region_B,950000,106,1,70,2487,1535,6.97,87.07,88.87
2023-02-25,Region_A,1200000,39,1,24,2508,1964,2.0,90.31,83.33
2023-02-26,Region_A,1200000,39,1,29,2517,889,4.47,87.2,65.2
2023-02-27,Region_A,1200000,71,3,53,2532,927,7.72,69.52,96.4
2023-02-28,Region_D,700000,34,1,26,2530,1190,2.89,75.41,97.21
2023-03-01,Region_A,1200000,99,1,69,2561,1131,8.76,82.09,86.66
2023-03-02,Region_A,1200000,117,3,87,2588,1022,11.51,62.1,79.02
2023-03-03,Region_C,1500000,45,0,37,2760,1816,2.48,67.33,94.63
2023-03-04,Region_C,1500000,56,1,30,2785,1826,3.11,66.64,62.09
2023-03-05,Region_A,1200000,94,3,77,2602,1536,6.17,82.38,74.85
2023-03-06,Region_C,1500000,123,4,83,2821,1451,8.48,77.35,71.81
2023-03-07,Region_D,700000,72,4,47,2551,773,9.37,67.78,88.53
2023-03-08,Region_A,1200000,24,0,20,2606,855,2.85,87.05,91.28
2023-03-09,Region_E,500000,46,1,35,2259,1567,3.0,67.06,73.49
2023-03-10,Region_A,1200000,157,0,80,2683,1367,11.49,68.19,81.24
2023-03-11,Region_D,700000,69,4,61,2555,1040,6.64,67.89,90.49
2023-03-12,Region_D,700000,124,2,73,2604,1283,9.73,55.65,60.68
2023-03-13,Region_C,1500000,67,0,38,2850,674,10.07,69.6,73.28
2023-03-14,Region_A,1200000,49,0,35,2697,532,9.39,50.06,71.99
2023-03-15,Region_D,700000,172,5,117,2654,1472,11.74,90.44,91.33
2023-03-16,Region_A,1200000,80,0,42,2735,1979,4.07,81.96,97.5
2023-03-17,Region_B,950000,61,0,41,2507,911,6.73,52.6,98.31
2023-03-18,Region_A,1200000,111,6,65,2775,1130,9.85,93.32,63.02
2023-03-19,Region_A,1200000,63,0,56,2782,1613,3.96,88.12,72.61
2023-03-20,Region_C,1500000,90,2,48,2890,766,11.82,67.47,86.97
2023-03-21,Region_C,1500000,180,3,143,2924,1572,11.47,71.15,95.61
2023-03-22,Region_A,1200000,31,0,19,2794,1185,2.62,72.38,69.21
2023-03-23,Region_A,1200000,72,2,64,2800,1445,5.02,92.71,98.49
2023-03-24,Region_B,950000,46,1,25,2527,1213,3.8,57.46,77.82
2023-03-25,Region_D,700000,24,1,13,2664,992,2.5,88.42,69.68
2023-03-26,Region_A,1200000,64,1,55,2808,771,8.37,82.03,99.25
2023-03-27,Region_A,1200000,85,1,60,2832,1855,4.6,57.92,68.56
2023-03-28,Region_B,950000,13,1,10,2529,653,2.14,90.86,97.75
2023-03-29,Region_C,1500000,85,4,49,2956,744,11.53,57.28,79.08
2023-03-30,Region_D,700000,42,1,37,2668,994,4.32,57.32,82.6
2023-03-31,Region_E,500000,46,2,26,2277,585,8.03,66.07,97.05
2023-04-01,Region_B,950000,148,2,133,2542,1778,8.34,58.0,80.59
2023-04-02,Region_C,1500000,81,0,42,2995,1289,6.29,90.26,60.02
2023-04-03,Region_D,700000,63,4,32,2695,1788,3.54,94.7,61.8
2023-04-04,Region_E,500000,47,1,25,2298,826,5.72,52.6,77.77
2023-04-05,Region_B,950000,100,6,78,2558,1217,8.22,75.38,74.34
2023-04-06,Region_D,700000,64,0,44,2715,1460,4.4,93.85,61.1
2023-04-07,Region_C,1500000,37,0,18,3014,1564,2.39,56.67,87.18
2023-04-08,Region_A,1200000,77,2,61,2846,1232,6.31,76.1,80.67
2023-04-09,Region_B,950000,31,0,21,2568,902,3.44,92.59,95.7
2023-04-10,Region_E,500000,94,2,61,2329,961,9.8,74.5,68.18
2023-04-11,Region_A,1200000,100,3,77,2866,1891,5.32,78.62,74.57
2023-04-12,Region_B,950000,83,1,64,2586,770,10.79,87.2,61.91
2023-04-13,Region_D,700000,145,2,75,2783,1493,9.74,56.82,95.04
2023-04-14,Region_E,500000,86,4,73,2338,1771,4.9,55.75,90.62
2023-04-15,Region_A,1200000,86,0,52,2900,1199,7.23,59.03,68.14
2023-04-16,Region_E,500000,117,4,79,2372,1840,6.37,82.82,98.67
2023-04-17,Region_C,1500000,86,3,65,3032,919,9.42,77.43,95.84
2023-04-18,Region_E,500000,46,0,38,2380,1036,4.53,90.59,92.27
2023-04-19,Region_E,500000,63,2,53,2388,809,7.91,74.5,88.37
2023-04-20,Region_C,1500000,64,1,42,3053,661,9.81,78.28,79.27
2023-04-21,Region_A,1200000,77,0,42,2935,935,8.32,54.61,80.55
2023-04-22,Region_A,1200000,60,3,53,2939,1062,5.69,57.16,67.21
2023-04-23,Region_C,1500000,192,5,134,3106,1721,11.21,88.27,73.78
2023-04-24,Region_B,950000,31,0,20,2597,1262,2.52,65.1,99.14
2023-04-25,Region_C,1500000,167,4,129,3140,1860,9.01,69.59,81.97
2023-04-26,Region_A,1200000,99,2,80,2956,1462,6.83,83.05,75.37
2023-04-27,Region_C,1500000,56,0,28,3168,542,10.39,93.66,77.51
2023-04-28,Region_D,700000,111,4,87,2803,1227,9.05,93.52,62.07
2023-04-29,Region_A,1200000,181,6,102,3029,1976,9.18,93.27,88.58
2023-04-30,Region_C,1500000,51,2,44,3173,1215,4.27,80.47,85.0
2023-05-01,Region_B,950000,193,4,167,2619,1899,10.16,61.27,84.99
2023-05-02,Region_C,1500000,167,0,94,3246,1514,11.06,62.94,72.27
2023-05-03,Region_C,1500000,52,0,39,3259,639,8.21,77.25,69.89
2023-05-04,Region_A,1200000,52,0,30,3051,1841,2.84,53.24,68.22
2023-05-05,Region_D,700000,66,2,47,2820,788,8.42,55.23,91.24
2023-05-06,Region_E,500000,149,2,83,2452,1259,11.9,91.16,60.46
2023-05-07,Region_E,500000,26,2,17,2459,701,3.79,94.05,82.22
2023-05-08,Region_B,950000,156,2,126,2647,1997,7.82,67.89,70.57
2023-05-09,Region_B,950000,40,0,29,2658,597,6.83,81.04,65.76
2023-05-10,Region_C,1500000,131,0,105,3285,1168,11.26,54.14,83.96
2023-05-11,Region_D,700000,65,2,53,2830,866,7.53,93.43,70.04
2023-05-12,Region_B,950000,51,1,33,2675,572,9.07,73.66,69.98
2023-05-13,Region_B,950000,34,0,25,2684,912,3.74,56.97,97.79
2023-05-14,Region_C,1500000,21,1,13,3292,1059,2.07,81.55,87.2
2023-05-15,Region_D,700000,42,1,37,2834,1972,2.15,74.39,97.59
2023-05-16,Region_B,950000,179,4,120,2739,1943,9.26,80.26,99.08
2023-05-17,Region_A,1200000,27,0,15,3063,1341,2.08,90.05,63.37
2023-05-18,Region_A,1200000,39,0,27,3075,866,4.59,69.73,99.85
2023-05-19,Region_D,700000,45,0,34,2845,542,8.38,54.11,67.97
2023-05-20,Region_D,700000,36,0,31,2850,1570,2.3,62.19,69.9
2023-05-21,Region_C,1500000,34,0,17,3309,560,6.25,80.28,63.25
2023-05-22,Region_B,950000,187,5,151,2770,1861,10.05,62.75,91.47
2023-05-23,Region_C,1500000,129,3,109,3326,1369,9.43,63.12,90.83
2023-05-24,Region_A,1200000,64,2,38,3099,1596,4.06,62.1,74.74
2023-05-25,Region_E,500000,26,1,14,2470,1148,2.35,78.36,69.94
2023-05-26,Region_D,700000,77,1,65,2861,1241,6.28,56.5,91.36
2023-05-27,Region_B,950000,27,0,21,2776,562,4.92,59.05,83.61
2023-05-28,Region_E,500000,94,4,61,2499,1374,6.91,62.65,88.52
2023-05-29,Region_B,950000,28,0,18,2786,620,4.6,85.39,97.7
2023-05-30,Region_B,950000,87,3,61,2809,954,9.21,54.97,71.57
2023-05-31,Region_D,700000,28,0,20,2869,639,4.5,61.47,89.7
2023-06-01,Region_B,950000,59,2,42,2824,551,10.73,91.12,98.11
2023-06-02,Region_D,700000,62,1,37,2893,1121,5.54,60.43,72.74
2023-06-03,Region_E,500000,17,1,14,2501,636,2.78,58.72,94.35
2023-06-04,Region_B,950000,60,2,32,2850,586,10.38,68.65,60.53
2023-06-05,Region_A,1200000,119,2,90,3126,1808,6.59,81.23,69.18
2023-06-06,Region_E,500000,180,6,95,2580,1924,9.41,85.52,71.87
2023-06-07,Region_A,1200000,42,0,30,3138,1937,2.19,89.67,64.86
2023-06-08,Region_D,700000,25,0,22,2896,614,4.22,61.04,62.31
2023-06-09,Region_C,1500000,25,2,19,3330,617,4.2,94.38,76.59
2023-06-10,Region_A,1200000,156,4,117,3173,1457,10.71,81.6,66.87
2023-06-11,Region_B,950000,114,4,90,2870,1877,6.12,51.0,97.8
2023-06-12,Region_A,1200000,23,0,18,3178,744,3.17,81.14,68.25
2023-06-13,Region_E,500000,70,2,41,2607,804,8.79,68.87,60.72
2023-06-14,Region_A,1200000,18,0,15,3181,670,2.69,89.85,68.88
2023-06-15,Region_B,950000,205,5,174,2896,1903,10.82,74.1,93.44
2023-06-16,Region_A,1200000,33,0,21,3193,835,4.03,85.62,78.05
2023-06-17,Region_C,1500000,122,4,63,3385,1158,10.55,50.6,76.39
2023-06-18,Region_A,1200000,37,0,19,3211,1755,2.16,53.01,95.09
2023-06-19,Region_D,700000,92,5,73,2910,1250,7.42,74.55,99.27
2023-06-20,Region_B,950000,95,6,66,2919,1333,7.13,94.87,82.36
2023-06-21,Region_E,500000,34,0,24,2617,822,4.2,53.09,74.78
2023-06-22,Region_C,1500000,114,3,83,3413,1342,8.57,67.07,93.25
2023-06-23,Region_A,1200000,28,1,21,3217,1404,2.05,74.68,62.66
2023-06-24,Region_A,1200000,56,1,34,3238,749,7.48,80.49,90.34
2023-06-25,Region_C,1500000,40,1,26,3426,984,4.07,79.81,73.88
2023-06-26,Region_E,500000,217,6,110,2718,1965,11.08,69.49,90.97
2023-06-27,Region_B,950000,190,3,155,2951,1993,9.58,82.24,70.84
2023-06-28,Region_C,1500000,125,4,91,3456,1563,8.0,90.85,80.28
2023-06-29,Region_A,1200000,33,0,22,3249,1013,3.34,79.68,91.85
2023-06-30,Region_A,1200000,61,2,30,3278,738,8.37,73.79,93.04
2023-07-01,Region_E,500000,90,2,51,2755,1901,4.78,61.91,86.48
2023-07-02,Region_D,700000,53,0,30,2933,1386,3.88,83.65,66.02
2023-07-03,Region_A,1200000,49,1,26,3300,1074,4.64,87.09,85.2
2023-07-04,Region_B,950000,88,1,72,2966,1401,6.29,69.64,86.67
2023-07-05,Region_B,950000,168,5,121,3008,1781,9.48,54.27,99.96
2023-07-06,Region_C,1500000,138,4,78,3512,1456,9.48,50.26,78.63
2023-07-07,Region_E,500000,42,0,31,2766,1280,3.3,50.62,63.21
2023-07-08,Region_E,500000,28,0,21,2773,1302,2.16,78.07,90.49
2023-07-09,Region_C,1500000,150,3,95,3564,1965,7.63,68.11,75.62
2023-07-10,Region_D,700000,82,2,65,2948,882,9.33,60.3,83.87
2023-07-11,Region_C,1500000,80,2,44,3598,1493,5.42,94.8,99.24
2023-07-12,Region_D,700000,108,5,67,2984,1636,6.61,52.4,78.19
2023-07-13,Region_B,950000,147,2,95,3058,1678,8.78,91.63,85.27
2023-07-14,Region_A,1200000,95,2,56,3337,1070,8.97,74.96,89.91
2023-07-15,Region_D,700000,26,1,18,2991,692,3.79,76.09,78.12
2023-07-16,Region_B,950000,170,0,143,3085,1927,8.85,81.48,93.53
2023-07-17,Region_D,700000,193,4,108,3072,1745,11.1,56.92,82.9
2023-07-18,Region_B,950000,153,3,115,3120,1961,7.83,76.73,88.11
2023-07-19,Region_E,500000,34,2,20,2785,795,4.31,89.64,95.32
2023-07-20,Region_C,1500000,71,4,58,3607,1018,7.02,58.85,89.5
2023-07-21,Region_A,1200000,57,0,44,3350,1430,4.01,78.02,98.94
2023-07-22,Region_E,500000,46,0,34,2797,865,5.35,86.76,94.1
2023-07-23,Region_E,500000,58,0,40,2815,993,5.86,57.57,79.0
2023-07-24,Region_B,950000,214,2,121,3211,1881,11.42,56.63,98.92
2023-07-25,Region_A,1200000,69,1,41,3377,1083,6.4,59.33,85.22
2023-07-26,Region_E,500000,30,1,26,2818,1361,2.21,65.99,86.96
2023-07-27,Region_D,700000,22,1,12,3081,600,3.7,65.42,94.59
2023-07-28,Region_B,950000,26,0,17,3220,530,5.02,71.53,91.22
2023-07-29,Region_C,1500000,61,2,30,3636,1635,3.74,70.68,72.26
2023-07-30,Region_A,1200000,50,1,33,3393,1962,2.57,58.58,73.88
2023-07-31,Region_B,950000,225,5,126,3314,1894,11.92,52.02,65.05
2023-08-01,Region_E,500000,130,5,90,2853,1348,9.65,58.78,79.58
2023-08-02,Region_A,1200000,71,2,62,3400,946,7.6,66.26,94.39
2023-08-03,Region_B,950000,74,1,61,3326,1411,5.28,73.12,96.13
2023-08-04,Region_E,500000,137,3,80,2907,1348,10.18,76.07,79.58
2023-08-05,Region_D,700000,91,2,72,3098,1595,5.72,57.44,94.17
2023-08-06,Region_C,1500000,106,4,84,3654,1760,6.07,91.72,98.8
2023-08-07,Region_A,1200000,29,1,16,3412,505,5.75,90.23,73.5
2023-08-08,Region_C,1500000,84,0,66,3672,848,9.96,51.14,70.11
2023-08-09,Region_E,500000,91,2,48,2948,1261,7.22,50.03,94.83
2023-08-10,Region_B,950000,44,0,25,3345,775,5.77,70.62,74.05
2023-08-11,Region_A,1200000,69,3,56,3422,1581,4.37,63.12,68.3
2023-08-12,Region_B,950000,181,3,117,3406,1634,11.08,84.23,66.18
2023-08-13,Region_B,950000,79,2,51,3432,1257,6.3,84.63,75.91
2023-08-14,Region_B,950000,111,3,71,3469,1280,8.74,72.98,84.61
2023-08-15,Region_A,1200000,120,2,82,3458,1703,7.1,78.18,71.14
2023-08-16,Region_A,1200000,91,6,79,3464,807,11.28,83.92,68.62
2023-08-17,Region_D,700000,54,1,34,3117,1760,3.12,91.51,87.82
2023-08-18,Region_C,1500000,70,0,41,3701,1755,4.0,55.65,90.91
2023-08-19,Region_B,950000,130,4,70,3525,1232,10.56,66.46,72.72
2023-08-20,Region_E,500000,43,0,37,2954,691,6.31,60.55,73.8
2023-08-21,Region_A,1200000,194,5,124,3529,1672,11.61,76.88,86.14
2023-08-22,Region_D,700000,131,2,86,3160,1642,8.0,62.49,71.26
2023-08-23,Region_B,950000,37,1,26,3535,1792,2.1,65.61,77.43
2023-08-24,Region_C,1500000,81,0,67,3715,1709,4.78,61.75,73.74
2023-08-25,Region_A,1200000,112,5,59,3577,946,11.85,58.93,66.6
2023-08-26,Region_D,700000,63,4,55,3164,1810,3.5,91.1,67.58
2023-08-27,Region_B,950000,151,4,84,3598,1596,9.51,57.97,71.77
2023-08-28,Region_C,1500000,46,0,34,3727,1806,2.56,88.92,69.98
2023-08-29,Region_B,950000,47,1,26,3618,850,5.57,64.12,87.64
2023-08-30,Region_A,1200000,69,0,59,3587,1769,3.91,77.17,94.53
2023-08-31,Region_D,700000,186,4,130,3216,1992,9.35,80.7,98.0
2023-09-01,Region_D,700000,93,1,50,3258,1474,6.34,65.98,61.81
2023-09-02,Region_D,700000,39,1,21,3275,1826,2.15,75.5,86.28
2023-09-03,Region_C,1500000,134,5,74,3782,1765,7.61,87.19,92.04
2023-09-04,Region_E,500000,48,0,36,2966,1760,2.76,76.33,69.05
2023-09-05,Region_C,1500000,123,3,90,3812,1251,9.84,88.86,68.92
2023-09-06,Region_B,950000,93,1,73,3637,1216,7.68,94.26,70.39
2023-09-07,Region_B,950000,29,0,25,3641,1173,2.5,73.56,68.73
2023-09-08,Region_E,500000,47,0,32,2981,610,7.74,66.16,92.94
2023-09-09,Region_A,1200000,35,0,24,3598,521,6.77,57.12,62.07
2023-09-10,Region_B,950000,119,2,103,3655,1156,10.35,87.84,68.85
2023-09-11,Region_E,500000,118,2,89,3008,1154,10.24,63.65,97.3
2023-09-12,Region_E,500000,40,0,21,3027,1481,2.77,51.47,79.02
2023-09-13,Region_D,700000,32,1,17,3289,889,3.61,64.94,97.12
2023-09-14,Region_E,500000,86,0,61,3052,1402,6.18,84.81,61.76
2023-09-15,Region_C,1500000,157,2,112,3855,1860,8.48,68.14,93.35
2023-09-16,Region_E,500000,50,0,25,3077,880,5.73,69.99,90.0
2023-09-17,Region_B,950000,141,1,116,3679,1651,8.58,62.96,82.25
2023-09-18,Region_D,700000,61,0,42,3308,1713,3.56,81.96,63.83
2023-09-19,Region_C,1500000,76,1,45,3885,658,11.58,52.26,78.58
2023-09-20,Region_B,950000,136,2,77,3736,1648,8.3,64.17,61.72
2023-09-21,Region_E,500000,73,1,65,3084,1232,5.98,56.59,93.32
2023-09-22,Region_B,950000,30,1,20,3745,993,3.08,61.3,93.77
2023-09-23,Region_B,950000,52,2,31,3764,1107,4.74,64.63,61.57
2023-09-24,Region_C,1500000,33,3,19,3896,1629,2.06,64.6,69.36
2023-09-25,Region_C,1500000,79,3,60,3912,915,8.71,55.96,75.29
2023-09-26,Region_C,1500000,175,0,146,3941,1472,11.9,58.6,78.39
2023-09-27,Region_B,950000,30,0,24,3770,612,5.04,78.02,68.91
2023-09-28,Region_D,700000,198,5,123,3378,1779,11.17,85.87,88.97
2023-09-29,Region_B,950000,33,0,29,3774,1105,3.0,57.18,73.42
2023-09-30,Region_B,950000,26,1,18,3781,598,4.35,93.86,65.42
2023-10-01,Region_B,950000,31,2,25,3785,1343,2.36,51.77,82.96
2023-10-02,Region_B,950000,22,0,16,3791,982,2.29,85.17,72.55
2023-10-03,Region_B,950000,32,1,21,3801,575,5.64,74.49,71.01
2023-10-04,Region_C,1500000,51,2,39,3951,1090,4.71,73.09,67.78
2023-10-05,Region_D,700000,31,0,27,3382,511,6.1,64.29,70.38
2023-10-06,Region_E,500000,17,0,12,3089,589,2.95,78.19,71.49
2023-10-07,Region_B,950000,40,1,24,3816,1594,2.51,82.74,79.38
2023-10-08,Region_D,700000,74,2,63,3391,960,7.72,90.99,81.9
2023-10-09,Region_A,1200000,73,1,51,3619,1337,5.47,57.71,93.09
2023-10-10,Region_E,500000,97,1,76,3109,970,10.03,65.52,73.49
2023-10-11,Region_D,700000,57,1,33,3414,1340,4.3,89.38,91.62
2023-10-12,Region_D,700000,114,1,61,3466,1532,7.46,57.03,89.52
2023-10-13,Region_E,500000,67,1,34,3141,777,8.71,51.35,77.78
2023-10-14,Region_D,700000,61,1,32,3494,1670,3.69,76.0,94.64
2023-10-15,Region_C,1500000,164,3,91,4021,1704,9.68,69.24,73.21
2023-10-16,Region_A,1200000,54,0,37,3636,643,8.45,62.55,65.17
2023-10-17,Region_E,500000,40,1,31,3149,503,8.03,51.81,95.6
2023-10-18,Region_D,700000,73,0,45,3522,1491,4.94,85.62,84.1
2023-10-19,Region_D,700000,42,0,31,3533,1631,2.61,93.37,65.4
2023-10-20,Region_C,1500000,107,5,68,4055,989,10.9,50.24,60.05
2023-10-21,Region_D,700000,69,2,41,3559,1619,4.26,64.57,86.45
2023-10-22,Region_B,950000,20,0,15,3821,802,2.6,55.49,88.06
2023-10-23,Region_C,1500000,45,1,23,4076,835,5.41,68.51,65.06
2023-10-24,Region_B,950000,57,2,43,3833,700,8.23,51.25,85.26
2023-10-25,Region_A,1200000,146,1,99,3682,1958,7.48,78.5,92.22
2023-10-26,Region_B,950000,181,4,113,3897,1808,10.06,66.32,81.87
2023-10-27,Region_E,500000,131,2,70,3208,1173,11.17,82.16,71.73
2023-10-28,Region_E,500000,151,2,119,3238,1879,8.05,80.58,97.84
2023-10-29,Region_C,1500000,23,0,15,4084,1162,2.01,79.78,85.35
2023-10-30,Region_D,700000,155,5,137,3572,1411,11.03,65.42,65.38
2023-10-31,Region_D,700000,198,7,103,3660,1924,10.32,54.65,76.08
2023-11-01,Region_C,1500000,22,0,13,4093,705,3.18,66.05,70.18
2023-11-02,Region_E,500000,76,3,66,3245,750,10.24,53.83,81.95
2023-11-03,Region_B,950000,78,1,61,3913,1336,5.89,71.6,65.52
2023-11-04,Region_C,1500000,68,1,59,4101,1065,6.44,52.96,95.65
2023-11-05,Region_C,1500000,35,0,17,4119,692,5.2,68.12,86.9
2023-11-06,Region_E,500000,54,1,29,3269,1635,3.33,80.0,64.78
2023-11-07,Region_D,700000,73,3,57,3673,775,9.53,94.76,63.7
2023-11-08,Region_C,1500000,100,3,77,4139,1152,8.74,69.94,84.68
2023-11-09,Region_C,1500000,30,1,24,4144,710,4.26,54.86,79.14
2023-11-10,Region_C,1500000,118,0,77,4185,1600,7.41,87.46,99.02
2023-11-11,Region_C,1500000,57,3,29,4210,1165,4.96,72.42,87.57
2023-11-12,Region_D,700000,105,1,86,3691,1241,8.53,86.45,83.33
2023-11-13,Region_C,1500000,57,0,33,4234,858,6.66,75.04,74.34
2023-11-14,Region_E,500000,42,0,33,3278,1944,2.21,84.49,88.08
2023-11-15,Region_A,1200000,53,1,42,3692,615,8.76,80.42,72.29
2023-11-16,Region_D,700000,147,4,122,3712,1961,7.5,76.3,98.77
2023-11-17,Region_B,950000,37,0,21,3929,1420,2.62,57.47,62.44
2023-11-18,Region_D,700000,23,0,14,3721,772,3.06,68.03,64.61
2023-11-19,Region_A,1200000,28,1,18,3701,1446,2.0,69.89,85.93
2023-11-20,Region_A,1200000,60,0,39,3722,1801,3.35,71.48,84.07
2023-11-21,Region_E,500000,110,1,55,3332,1829,6.01,57.31,87.02
2023-11-22,Region_D,700000,115,3,60,3773,1412,8.2,74.86,83.81
2023-11-23,Region_A,1200000,53,1,44,3730,688,7.77,63.3,81.2
2023-11-24,Region_C,1500000,143,1,98,4278,1806,7.93,63.33,65.74
2023-11-25,Region_C,1500000,97,2,86,4287,1710,5.72,92.28,90.21
2023-11-26,Region_A,1200000,29,0,25,3734,1041,2.8,91.21,74.39
2023-11-27,Region_B,950000,47,1,35,3940,1192,3.95,67.74,84.13
2023-11-28,Region_C,1500000,101,6,79,4303,1624,6.23,80.25,79.25
2023-11-29,Region_E,500000,30,3,19,3340,1361,2.22,50.58,69.07
2023-11-30,Region_C,1500000,104,2,69,4336,1640,6.4,76.98,96.1
2023-12-01,Region_D,700000,38,0,29,3782,921,4.16,58.86,77.65
2023-12-02,Region_C,1500000,56,1,49,4342,1221,4.64,59.82,97.42
2023-12-03,Region_B,950000,99,0,64,3975,1548,6.45,88.98,66.59
2023-12-04,Region_D,700000,55,1,39,3797,678,8.26,86.88,92.99
2023-12-05,Region_E,500000,114,1,95,3358,1576,7.23,66.82,85.01
2023-12-06,Region_C,1500000,73,0,50,4365,1910,3.84,76.91,75.4
2023-12-07,Region_E,500000,127,2,82,3401,1872,6.83,71.35,60.29
2023-12-08,Region_C,1500000,79,1,41,4402,1056,7.53,89.51,82.31
2023-12-09,Region_E,500000,169,5,124,3441,1516,11.18,90.62,81.0
2023-12-10,Region_D,700000,26,0,20,3803,500,5.3,63.35,63.09
2023-12-11,Region_D,700000,61,0,45,3819,1868,3.27,80.63,66.64
2023-12-12,Region_C,1500000,55,3,44,4410,633,8.84,91.76,63.65
2023-12-13,Region_D,700000,100,1,77,3841,1157,8.72,78.88,76.43
2023-12-14,Region_A,1200000,62,1,34,3761,731,8.53,57.97,63.94
2023-12-15,Region_C,1500000,113,3,94,4426,1421,7.99,67.69,69.48
2023-12-16,Region_A,1200000,24,1,13,3771,647,3.79,76.45,64.49
2023-12-17,Region_D,700000,63,1,53,3850,994,6.37,85.21,99.7
2023-12-18,Region_E,500000,111,4,98,3450,1037,10.74,72.04,85.23
2023-12-19,Region_C,1500000,112,0,74,4464,1386,8.12,65.04,89.23
2023-12-20,Region_D,700000,68,1,53,3864,1198,5.72,88.99,62.38
2023-12-21,Region_B,950000,38,1,31,3981,626,6.16,77.84,82.74
2023-12-22,Region_D,700000,54,0,38,3880,918,5.96,82.86,82.87
2023-12-23,Region_B,950000,69,0,56,3994,584,11.92,63.63,89.24
2023-12-24,Region_C,1500000,111,5,72,4498,1418,7.89,75.9,66.46
2023-12-25,Region_A,1200000,83,2,58,3794,1114,7.53,53.11,93.1
2023-12-26,Region_C,1500000,79,0,65,4512,1181,6.73,61.75,87.8
2023-12-27,Region_E,500000,96,2,60,3484,1032,9.35,69.82,72.69
2023-12-28,Region_E,500000,172,2,143,3511,1924,8.94,50.29,79.85
2023-12-29,Region_A,1200000,142,0,84,3852,1520,9.35,54.71,65.14
2023-12-30,Region_E,500000,48,0,40,3519,1878,2.61,66.27,65.02
2023-12-31,Region_C,1500000,101,1,83,4529,1201,8.42,90.08,83.88
2024-01-01,Region_C,1500000,99,1,57,4570,1222,8.12,75.75,67.23
2024-01-02,Region_B,950000,61,1,42,4012,1371,4.47,76.46,77.06
2024-01-03,Region_A,1200000,20,1,18,3853,547,3.77,59.63,71.33
2024-01-04,Region_D,700000,89,0,52,3917,880,10.12,63.9,71.74
2024-01-05,Region_A,1200000,41,1,24,3869,771,5.33,70.63,82.58
2024-01-06,Region_B,950000,98,4,58,4048,1122,8.79,59.38,65.32
2024-01-07,Region_C,1500000,29,2,18,4579,690,4.31,50.04,96.13
2024-01-08,Region_B,950000,118,3,68,4095,1687,7.0,91.03,61.61
2024-01-09,Region_B,950000,43,3,27,4108,1071,4.1,53.77,75.44
2024-01-10,Region_B,950000,73,0,53,4128,678,10.86,64.79,62.18
2024-01-11,Region_E,500000,192,3,165,3543,1653,11.65,66.51,65.89
2024-01-12,Region_C,1500000,71,2,56,4592,1385,5.13,68.24,70.77
2024-01-13,Region_A,1200000,81,1,53,3896,823,9.95,58.23,98.25
2024-01-14,Region_C,1500000,21,0,17,4596,804,2.62,86.56,63.3
2024-01-15,Region_D,700000,117,1,70,3963,1094,10.75,89.21,91.4
2024-01-16,Region_D,700000,90,4,73,3976,1017,8.9,64.77,62.15
2024-01-17,Region_C,1500000,60,1,32,4623,1906,3.2,57.97,60.21
2024-01-18,Region_C,1500000,62,2,38,4645,1187,5.29,89.21,71.58
2024-01-19,Region_C,1500000,61,2,37,4667,1850,3.32,80.5,70.09
2024-01-20,Region_C,1500000,32,0,26,4673,886,3.69,93.18,68.71
2024-01-21,Region_D,700000,59,2,49,3984,1610,3.68,78.62,76.07
2024-01-22,Region_E,500000,59,2,44,3556,882,6.77,87.33,88.38
2024-01-23,Region_C,1500000,41,1,36,4677,615,6.69,63.69,65.57
2024-01-24,Region_B,950000,79,1,53,4153,1573,5.06,93.26,87.17
2024-01-25,Region_D,700000,35,0,31,3988,746,4.71,88.86,65.29
2024-01-26,Region_E,500000,37,1,18,3574,1779,2.11,52.53,70.23
2024-01-27,Region_A,1200000,134,2,95,3933,1872,7.21,51.5,64.88
2024-01-28,Region_A,1200000,27,0,14,3946,1049,2.63,53.3,86.53
2024-01-29,Region_E,500000,52,2,28,3596,839,6.22,90.28,94.13
2024-01-30,Region_A,1200000,94,1,48,3991,1438,6.58,91.89,86.43
2024-01-31,Region_A,1200000,156,2,93,4052,1498,10.46,66.94,82.83
2024-02-01,Region_A,1200000,128,1,106,4073,1208,10.62,91.18,93.76
2024-02-02,Region_B,950000,186,5,110,4224,1962,9.53,82.53,69.27
2024-02-03,Region_A,1200000,36,0,28,4081,715,5.08,66.87,84.85
2024-02-04,Region_D,700000,18,0,14,3992,605,3.11,54.86,69.31
2024-02-05,Region_B,950000,65,1,55,4233,1373,4.75,86.11,73.65
2024-02-06,Region_E,500000,58,1,43,3610,670,8.76,84.79,86.86
2024-02-07,Region_B,950000,90,5,62,4256,1365,6.61,94.41,90.18
2024-02-08,Region_B,950000,75,1,54,4276,692,10.87,54.38,88.25
2024-02-09,Region_A,1200000,117,1,63,4134,1954,6.03,65.18,93.1
2024-02-10,Region_A,1200000,24,0,18,4140,740,3.37,58.42,82.22
2024-02-11,Region_D,700000,62,1,41,4012,1110,5.63,90.74,79.72
2024-02-12,Region_A,1200000,32,2,17,4153,1053,3.07,63.39,71.92
2024-02-13,Region_A,1200000,170,1,140,4182,1730,9.83,62.76,73.05
2024-02-14,Region_B,950000,63,2,36,4301,1637,3.9,53.5,98.22
2024-02-15,Region_C,1500000,136,1,121,4691,1288,10.6,50.6,80.47
2024-02-16,Region_A,1200000,76,0,64,4194,1085,7.02,89.97,67.97
2024-02-17,Region_D,700000,97,1,61,4047,1685,5.77,70.05,83.69
2024-02-18,Region_B,950000,60,1,41,4319,1533,3.94,85.84,89.58
2024-02-19,Region_D,700000,22,0,16,4053,628,3.56,85.69,68.82
2024-02-20,Region_A,1200000,207,2,181,4218,1802,11.51,92.91,74.09
2024-02-21,Region_D,700000,117,1,62,4107,1120,10.53,56.35,90.54
2024-02-22,Region_A,1200000,159,3,107,4267,1347,11.81,65.42,85.11
2024-02-23,Region_E,500000,67,1,39,3637,1045,6.5,89.94,85.02
2024-02-24,Region_B,950000,42,0,34,4327,1566,2.69,80.21,97.05
2024-02-25,Region_B,950000,110,3,75,4359,1082,10.25,67.2,65.29
2024-02-26,Region_B,950000,147,3,84,4419,1714,8.58,77.04,87.84
2024-02-27,Region_C,1500000,31,0,16,4706,783,4.04,71.26,75.13
2024-02-28,Region_B,950000,105,1,73,4450,1722,6.13,53.25,83.03
2024-02-29,Region_C,1500000,53,1,46,4712,573,9.25,67.41,63.22
2024-03-01,Region_A,1200000,49,2,32,4282,1156,4.32,65.43,64.46
2024-03-02,Region_B,950000,67,2,53,4462,867,7.82,74.6,95.38
2024-03-03,Region_B,950000,55,0,31,4486,1412,3.95,76.97,68.05
2024-03-04,Region_A,1200000,35,2,20,4295,656,5.39,76.24,83.16
2024-03-05,Region_D,700000,39,1,23,4122,764,5.14,89.27,63.48
2024-03-06,Region_B,950000,109,1,71,4523,1228,8.91,87.32,67.61
2024-03-07,Region_A,1200000,98,1,60,4332,1309,7.54,86.53,73.67
2024-03-08,Region_C,1500000,164,3,133,4740,1572,10.48,85.61,84.06
2024-03-09,Region_D,700000,34,1,17,4138,1411,2.41,52.31,76.08
2024-03-10,Region_B,950000,163,2,96,4588,1723,9.49,71.61,86.47
2024-03-11,Region_C,1500000,47,0,35,4752,1165,4.04,67.12,64.25
2024-03-12,Region_D,700000,77,3,54,4158,958,8.13,90.41,81.0
2024-03-13,Region_E,500000,90,0,72,3655,1393,6.47,69.29,62.15
2024-03-14,Region_B,950000,110,1,71,4626,1980,5.58,87.76,82.03
2024-03-15,Region_D,700000,166,4,94,4226,1799,9.28,81.54,94.22
2024-03-16,Region_C,1500000,133,3,78,4804,1173,11.37,90.38,64.78
2024-03-17,Region_D,700000,68,1,52,4241,679,10.16,58.63,82.22
2024-03-18,Region_C,1500000,62,0,46,4820,583,10.7,66.02,87.22
2024-03-19,Region_C,1500000,82,3,49,4850,877,9.4,78.59,67.86
2024-03-20,Region_A,1200000,40,0,30,4342,1677,2.41,81.7,97.14
2024-03-21,Region_E,500000,52,0,35,3672,1046,5.06,91.86,81.1
2024-03-22,Region_B,950000,172,1,152,4645,1692,10.22,63.62,81.3
2024-03-23,Region_D,700000,109,1,95,4254,1370,8.01,82.03,95.93
2024-03-24,Region_B,950000,22,0,12,4655,696,3.24,58.27,73.14
2024-03-25,Region_C,1500000,44,0,23,4871,1970,2.25,73.79,73.38
2024-03-26,Region_E,500000,49,2,31,3688,1239,3.98,84.85,75.42
2024-03-27,Region_E,500000,79,1,59,3707,1251,6.38,56.16,62.79
2024-03-28,Region_D,700000,42,0,26,4270,715,5.88,87.64,94.5
2024-03-29,Region_D,700000,45,0,40,4275,1898,2.41,83.33,79.4
2024-03-30,Region_B,950000,192,4,152,4691,1643,11.72,60.65,79.34
2024-03-31,Region_C,1500000,42,0,32,4881,1541,2.75,60.79,67.8
2024-04-01,Region_A,1200000,98,5,73,4362,1703,5.78,55.36,61.46
2024-04-02,Region_D,700000,75,0,43,4307,731,10.34,69.71,93.76
2024-04-03,Region_B,950000,73,0,38,4726,1186,6.22,88.74,73.85
2024-04-04,Region_B,950000,61,1,41,4745,1121,5.5,60.41,76.17
2024-04-05,Region_A,1200000,68,1,34,4395,638,10.69,77.04,88.03
2024-04-06,Region_D,700000,130,2,83,4352,1565,8.31,59.07,70.61
2024-04-07,Region_A,1200000,71,0,42,4424,639,11.25,57.74,81.89
2024-04-08,Region_B,950000,51,0,27,4769,1937,2.64,88.34,82.37
2024-04-09,Region_B,950000,53,0,43,4779,1778,3.0,66.96,84.13
2024-04-10,Region_B,950000,100,4,73,4802,1138,8.83,65.56,61.41
2024-04-11,Region_D,700000,50,2,29,4371,828,6.06,58.64,88.77
2024-04-12,Region_A,1200000,44,0,28,4440,865,5.1,84.22,87.06
2024-04-13,Region_D,700000,81,1,65,4386,1209,6.74,92.49,99.82
2024-04-14,Region_E,500000,45,1,28,3723,995,4.53,59.41,65.21
2024-04-15,Region_E,500000,47,1,32,3737,754,6.26,51.55,77.83
2024-04-16,Region_E,500000,81,0,51,3767,755,10.85,68.14,85.38
2024-04-17,Region_D,700000,58,4,30,4410,1835,3.21,83.81,97.65
2024-04-18,Region_B,950000,32,0,20,4814,1089,2.99,64.95,88.03
2024-04-19,Region_E,500000,151,0,89,3829,1267,11.98,83.23,62.55
2024-04-20,Region_C,1500000,32,0,19,4894,681,4.83,91.33,61.88
2024-04-21,Region_D,700000,109,1,90,4428,1804,6.05,69.55,94.78
2024-04-22,Region_B,950000,165,2,85,4892,1438,11.48,72.02,65.33
2024-04-23,Region_B,950000,85,4,46,4927,1730,4.92,63.02,74.77
2024-04-24,Region_B,950000,100,4,88,4935,867,11.54,50.75,73.56
2024-04-25,Region_D,700000,44,1,23,4448,932,4.82,92.03,65.24
2024-04-26,Region_C,1500000,108,2,66,4934,1188,9.17,88.9,78.28
2024-04-27,Region_D,700000,166,4,131,4479,1425,11.67,55.0,61.22
2024-04-28,Region_D,700000,63,2,51,4489,1567,4.04,52.8,92.91
2024-04-29,Region_E,500000,69,1,46,3851,1416,4.91,79.29,84.6
2024-04-30,Region_D,700000,125,6,105,4503,1367,9.15,60.24,66.65
2024-05-01,Region_D,700000,106,0,84,4525,1045,10.21,71.84,67.17
2024-05-02,Region_E,500000,40,0,27,3864,893,4.55,55.61,98.46
2024-05-03,Region_E,500000,37,0,22,3879,1553,2.39,50.88,67.55
2024-05-04,Region_D,700000,223,4,129,4615,1968,11.36,85.26,60.42
2024-05-05,Region_A,1200000,59,1,40,4458,945,6.33,67.51,95.5
2024-05-06,Region_A,1200000,85,2,57,4484,1594,5.36,93.29,80.36
2024-05-07,Region_D,700000,47,3,40,4619,985,4.79,64.59,98.09
2024-05-08,Region_C,1500000,173,4,127,4976,1907,9.09,76.03,63.3
2024-05-09,Region_C,1500000,107,2,72,5009,1676,6.4,64.24,63.48
2024-05-10,Region_E,500000,199,7,175,3896,1707,11.67,65.62,91.77
2024-05-11,Region_E,500000,209,5,166,3934,1845,11.38,77.46,97.69
2024-05-12,Region_A,1200000,34,1,30,4487,1540,2.24,81.18,89.33
2024-05-13,Region_B,950000,219,3,147,5004,1896,11.56,68.25,66.77
2024-05-14,Region_A,1200000,73,0,39,4521,703,10.45,74.47,87.8
2024-05-15,Region_B,950000,137,1,97,5043,1580,8.68,84.75,66.82
2024-05-16,Region_A,1200000,62,1,45,4537,1140,5.47,51.46,73.43
2024-05-17,Region_C,1500000,70,2,35,5042,1294,5.42,58.44,90.02
2024-05-18,Region_B,950000,53,0,32,5064,1570,3.44,73.0,77.82
2024-05-19,Region_C,1500000,87,3,60,5066,1029,8.54,89.06,83.32
2024-05-20,Region_B,950000,41,1,28,5076,1431,2.92,89.02,69.76
2024-05-21,Region_C,1500000,78,1,68,5075,1046,7.5,90.3,98.66
2024-05-22,Region_A,1200000,100,2,71,4564,1935,5.21,62.0,64.78
2024-05-23,Region_E,500000,36,1,26,3943,1177,3.06,65.91,72.63
2024-05-24,Region_D,700000,58,0,34,4643,1117,5.21,84.37,80.56
2024-05-25,Region_B,950000,78,2,55,5097,1085,7.22,60.87,87.25
2024-05-26,Region_C,1500000,103,2,84,5092,1775,5.81,52.88,83.85
2024-05-27,Region_B,950000,69,3,47,5116,1702,4.11,86.67,76.7
2024-05-28,Region_C,1500000,33,2,18,5105,1014,3.34,53.1,79.34
2024-05-29,Region_A,1200000,133,1,104,4592,1792,7.45,82.19,70.85
2024-05-30,Region_C,1500000,76,0,50,5131,824,9.22,66.5,75.64
2024-05-31,Region_D,700000,75,2,61,4655,651,11.55,63.65,88.66
2024-06-01,Region_C,1500000,111,3,58,5181,1579,7.06,83.6,60.5
2024-06-02,Region_A,1200000,99,0,89,4602,1943,5.13,94.68,91.11
2024-06-03,Region_B,950000,49,2,38,5125,1319,3.76,56.17,94.49
2024-06-04,Region_D,700000,111,4,93,4669,941,11.84,94.43,69.01
2024-06-05,Region_E,500000,80,3,72,3948,992,8.1,67.86,77.25
2024-06-06,Region_E,500000,34,1,30,3951,758,4.61,90.01,82.77
2024-06-07,Region_B,950000,117,0,68,5174,1639,7.19,70.22,71.86
2024-06-08,Region_A,1200000,66,1,50,4617,946,7.04,70.08,82.16
2024-06-09,Region_A,1200000,32,0,21,4628,894,3.64,63.58,95.99
2024-06-10,Region_D,700000,156,5,114,4706,1858,8.44,84.41,70.62
2024-06-11,Region_B,950000,79,3,68,5182,1762,4.52,72.46,71.86
2024-06-12,Region_B,950000,142,1,86,5237,1187,11.99,54.69,65.82
2024-06-13,Region_D,700000,73,1,62,4716,1013,7.28,90.98,77.43
2024-06-14,Region_E,500000,95,0,73,3973,1159,8.26,59.89,77.79
2024-06-15,Region_E,500000,100,4,83,3986,1710,5.85,93.63,78.16
2024-06-16,Region_C,1500000,89,1,47,5222,848,10.58,70.88,91.56
2024-06-17,Region_E,500000,74,6,47,4007,871,8.54,82.64,93.46
2024-06-18,Region_B,950000,32,1,26,5242,1102,2.92,79.13,65.13
2024-06-19,Region_D,700000,107,3,72,4748,1114,9.68,51.8,74.49
2024-06-20,Region_B,950000,56,1,32,5265,625,9.01,88.62,78.54
2024-06-21,Region_E,500000,163,2,129,4039,1938,8.41,65.22,96.56
2024-06-22,Region_C,1500000,126,4,83,5261,1469,8.62,79.8,88.61
2024-06-23,Region_D,700000,79,0,54,4773,1549,5.16,51.79,83.91
2024-06-24,Region_D,700000,59,1,51,4780,546,10.91,72.23,94.77
2024-06-25,Region_C,1500000,71,1,48,5283,1613,4.45,92.19,74.08
2024-06-26,Region_A,1200000,98,1,56,4669,1128,8.72,91.0,92.82
2024-06-27,Region_D,700000,79,1,67,4791,763,10.44,74.59,63.65
2024-06-28,Region_B,950000,149,1,93,5320,1917,7.82,58.52,76.05
2024-06-29,Region_A,1200000,35,0,22,4682,1616,2.17,59.13,99.93
2024-06-30,Region_A,1200000,77,5,50,4704,1596,4.84,51.2,89.41
2024-07-01,Region_C,1500000,116,3,62,5334,1487,7.81,90.19,87.58
2024-07-02,Region_A,1200000,69,1,42,4730,782,8.94,88.64,98.51
2024-07-03,Region_B,950000,74,0,39,5355,1949,3.84,77.1,72.89
2024-07-04,Region_E,500000,119,4,70,4084,1325,9.03,80.28,79.89
2024-07-05,Region_D,700000,23,0,15,4799,1076,2.19,51.5,83.19
2024-07-06,Region_C,1500000,53,0,37,5350,545,9.75,52.16,79.34
2024-07-07,Region_B,950000,43,0,37,5361,1039,4.22,61.4,95.8
2024-07-08,Region_A,1200000,114,1,99,4744,1204,9.55,91.76,66.62
2024-07-09,Region_C,1500000,174,6,136,5382,1477,11.84,75.41,70.09
2024-07-10,Region_C,1500000,54,0,42,5394,506,10.79,79.55,96.28
2024-07-11,Region_D,700000,50,3,37,4809,775,6.53,63.57,67.53
2024-07-12,Region_D,700000,28,0,14,4823,938,3.05,54.83,76.94
2024-07-13,Region_C,1500000,64,0,35,5423,1632,3.97,53.91,69.47
2024-07-14,Region_B,950000,30,0,16,5375,933,3.25,80.47,87.31
2024-07-15,Region_E,500000,49,1,42,4090,1321,3.72,87.46,99.66
2024-07-16,Region_E,500000,90,2,77,4101,1013,8.92,94.35,87.47
2024-07-17,Region_C,1500000,53,2,43,5431,1254,4.24,67.23,85.23
2024-07-18,Region_D,700000,183,7,164,4835,1912,9.62,92.32,98.11
2024-07-19,Region_B,950000,88,0,52,5411,1956,4.53,62.21,60.15
2024-07-20,Region_B,950000,52,0,35,5428,961,5.5,51.27,75.01
2024-07-21,Region_B,950000,43,2,36,5433,1253,3.46,92.09,99.19
2024-07-22,Region_B,950000,20,0,11,5442,561,3.74,91.07,67.09
2024-07-23,Region_A,1200000,75,1,50,4768,1836,4.11,80.55,69.47
2024-07-24,Region_D,700000,161,1,110,4885,1621,9.95,65.49,62.47
2024-07-25,Region_A,1200000,32,0,18,4782,1078,3.0,59.17,70.43
2024-07-26,Region_A,1200000,104,2,76,4808,885,11.81,81.9,96.24
2024-07-27,Region_C,1500000,20,0,15,5436,810,2.54,52.55,64.82
2024-07-28,Region_D,700000,61,1,43,4902,546,11.29,71.74,62.53
2024-07-29,Region_B,950000,149,2,107,5482,1267,11.84,78.68,62.83
2024-07-30,Region_C,1500000,21,0,17,5440,896,2.34,69.44,91.86
2024-07-31,Region_B,950000,132,3,76,5535,1309,10.14,78.35,76.7
2024-08-01,Region_E,500000,17,0,13,4105,599,2.94,62.47,77.99
2024-08-02,Region_C,1500000,28,1,15,5452,754,3.73,57.31,98.39
2024-08-03,Region_D,700000,67,1,40,4928,780,8.64,81.04,97.82
2024-08-04,Region_B,950000,34,1,26,5542,526,6.55,83.77,89.86
2024-08-05,Region_A,1200000,67,0,55,4820,728,9.32,67.23,67.12
2024-08-06,Region_E,500000,50,2,29,4124,605,8.28,61.62,94.68
2024-08-07,Region_A,1200000,32,1,20,4831,1290,2.53,78.21,74.35
2024-08-08,Region_A,1200000,95,4,84,4838,1252,7.66,50.03,83.77
2024-08-09,Region_A,1200000,130,1,93,4874,1595,8.19,61.27,93.27
2024-08-10,Region_B,950000,135,5,114,5558,1622,8.37,66.91,63.97
2024-08-11,Region_E,500000,79,2,47,4154,1224,6.47,57.41,76.25
2024-08-12,Region_E,500000,66,1,38,4181,725,9.1,67.19,61.13
2024-08-13,Region_C,1500000,74,2,55,5469,1337,5.59,54.93,98.63
2024-08-14,Region_D,700000,168,2,151,4943,1983,8.48,84.96,86.94
2024-08-15,Region_E,500000,36,1,22,4194,1221,3.0,61.17,99.52
2024-08-16,Region_C,1500000,179,4,134,5510,1929,9.33,88.05,85.41
2024-08-17,Region_D,700000,36,0,27,4952,850,4.34,54.66,88.1
2024-08-18,Region_C,1500000,59,5,47,5517,1269,4.69,68.36,99.21
2024-08-19,Region_B,950000,174,1,139,5592,1857,9.42,78.01,72.36
2024-08-20,Region_A,1200000,126,4,83,4913,1305,9.7,87.99,65.57
2024-08-21,Region_D,700000,23,1,18,4956,855,2.81,65.37,68.62
2024-08-22,Region_D,700000,58,2,33,4979,1461,4.01,63.01,98.09
2024-08-23,Region_C,1500000,65,1,32,5549,1870,3.5,62.31,75.99
2024-08-24,Region_C,1500000,52,1,27,5573,719,7.36,81.56,60.57
2024-08-25,Region_B,950000,109,1,98,5602,1370,7.99,90.64,88.55
2024-08-26,Region_E,500000,46,0,28,4212,537,8.67,64.55,92.77
2024-08-27,Region_A,1200000,139,1,116,4935,1318,10.6,57.07,98.49
2024-08-28,Region_D,700000,59,0,53,4985,760,7.85,86.17,92.71
2024-08-29,Region_E,500000,67,1,54,4224,967,7.02,88.99,80.84
2024-08-30,Region_D,700000,102,1,63,5023,1007,10.15,88.4,94.25
2024-08-31,Region_D,700000,34,0,18,5039,1148,3.02,78.04,74.24
2024-09-01,Region_B,950000,38,0,34,5606,1303,2.97,82.11,94.95
2024-09-02,Region_A,1200000,68,1,61,4941,645,10.67,63.01,78.05
2024-09-03,Region_B,950000,38,1,27,5616,1256,3.06,58.63,78.98
2024-09-04,Region_C,1500000,50,1,43,5579,685,7.36,85.86,73.64
2024-09-05,Region_B,950000,98,3,66,5645,945,10.47,76.46,97.38
2024-09-06,Region_A,1200000,136,3,101,4973,1230,11.08,65.03,64.27
2024-09-07,Region_B,950000,96,1,73,5667,843,11.49,57.67,77.89
2024-09-08,Region_A,1200000,97,4,63,5003,1091,8.9,74.83,74.26
2024-09-09,Region_A,1200000,60,1,46,5016,520,11.66,58.3,79.9
2024-09-10,Region_C,1500000,84,0,44,5619,903,9.31,72.02,71.44
2024-09-11,Region_A,1200000,65,2,46,5033,1624,4.05,70.82,92.73
2024-09-12,Region_B,950000,65,2,55,5675,1705,3.84,58.5,71.27
2024-09-13,Region_A,1200000,31,0,22,5042,731,4.34,92.47,99.06
2024-09-14,Region_A,1200000,192,4,113,5117,1710,11.23,91.16,79.74
2024-09-15,Region_C,1500000,19,1,14,5623,819,2.38,52.34,64.55
2024-09-16,Region_C,1500000,210,6,123,5704,1758,11.99,56.81,71.39
2024-09-17,Region_E,500000,112,2,81,4253,1176,9.56,64.11,84.82
2024-09-18,Region_D,700000,79,0,64,5054,887,8.99,73.98,78.85
2024-09-19,Region_B,950000,58,0,46,5687,622,9.4,57.57,80.49
2024-09-20,Region_B,950000,160,3,132,5712,1404,11.46,82.62,80.21
2024-09-21,Region_C,1500000,31,1,17,5717,794,4.03,79.95,79.74
2024-09-22,Region_D,700000,122,4,88,5084,1317,9.3,72.0,76.3
2024-09-23,Region_C,1500000,49,0,24,5742,1942,2.56,70.7,71.17
2024-09-24,Region_A,1200000,37,2,31,5121,1054,3.6,75.27,66.83
2024-09-25,Region_E,500000,117,2,89,4279,1269,9.23,55.23,98.8
2024-09-26,Region_D,700000,168,5,89,5158,1681,10.03,61.56,63.7
